0xae7ab96520DE3A18E5e111B5EaAb095312D7fE84,18
0xae78736Cd615f374D3085123A210448E74Fc6393,18
0x5E8422345238F34275888049021821E8E08CAa1f,18
0xBe9895146f7AF43049ca1c1AE358B0541Ea49704,18
0xac3E018457B222d93114458476f3E3416Abbe38F,18
0xFe2e637202056d30016725477c5da089Ab0A043A,18
0xE95A203B1a91a908F9B9CE46459d101078c2c3cb,18
0xA35b1B31Ce002FBF2058D22F30f95D405200A15b,18
0x20BC832ca081b91433ff6c17f85701B6e92486c5,18
0x341c05c0E9b33C0E38d64de76516b2Ce970bB3BE,18
0x3802c218221390025BCEABBaD5D8C59F40eB74B8,18
0xC02aaA39b223FE8D0A0e5C4F27eAD9083C756Cc2,18
