0xdAC17F958D2ee523a2206206994597C13D831ec7,6
0xA0b86991c6218b36c1d19D4a2e9Eb0cE3606eB48,6
0x6B175474E89094C44Da98b954EedeAC495271d0F,18
0x0000000000085d4780B73119b644AE5ecd22b376,18
0x4Fabb145d64652a948d72533023f6E7A623C7C53,18
0x0C10bF8FcB7Bf5412187A595ab97a3609160b5c6,18
0x853d955aCEf822Db058eb8505911ED77F175b99e,18
0x8E870D67F660D95d5be530380D0eC0bd388289E1,18
0x68749665FF8D2d112Fa859AA293F07A622782F38,6
0x3432B6A60D23Ca0dFCa7761B7ab56459D9C964D0,18
0xc5f0f7b66764F6ec8C8Dff7BA683102295E16409,18
0x5f98805A4E8be255a32880FDeC7F6728C6568bA0,18
0x056Fd409E1d7A124BD7017459dFEa2F387b6d5Cd,2
0xC581b735A1688071A1746c968e0798D642EDE491,6
0xBC6DA0FE9aD5f3b0d58160288917AA56653660E9,18
0xdB25f211AB05b1c97D595516F45794528a807ad8,2
0x6c3ea9036406852006290770BEdFcAbA0e23A0e8,6
0x320623b8E4fF03373931769A31Fc52A4E78B5d70,18
0x1aBaEA1f7C830bD89Acc67eC4af516284b1bC33c,6
0xC22956c3CFeC3Ee9A9925abeE044F05Bc47f6632,18
0xDD2955B7b00cFcDE3C49dc212709a97Da182eF3e,18
0xBEA0000029AD1c77D3d5D23Ba2D8893dB9d1Efab,6
0x57Ab1ec28D129707052df4dF418D58a2D46d5f51,18
0x70e8dE73cE538DA2bEEd35d14187F6959a8ecA96,6
0x89d24A6b4CcB1B6fAA2625fE562bDD9a23260359,18
0x40D16FC0246aD3160Ccc09B8D0D3A2cD28aE6C2f,18
0xc56c2b7e71B54d38Aab6d52E94a04Cbfa8F604fA,6
0xC08512927D12348F6620a698105e1BAac6EcD911,6
0x1a7e4e63778B4f12a199C062f3eFdD288afCBce8,18
0x956F47F50A910163D8BF957Cf5846D573E7f87CA,18
0x96E61422b6A9bA0e068B6c5ADd4fFaBC6a4aae27,18
0x2A8e1E676Ec238d8A992307B495b45B3fEAa5e86,18
0xEE586e7Eaad39207F0549BC65f19e336942C992f,18
0xdF574c24545E5FfEcb9a659c229253D4111d87e1,8
0xebF2096E01455108bAdCbAF86cE30b6e5A72aa52,6
0xe2f2a5C287993345a840Db3B0845fbC70f5935a5,18
0x6E109E9dD7Fa1a58BC3eff667e8e41fC3cc07AEF,6
0x820802Fa8a99901F52e39acD21177b0BE6EE2974,6
0xB4272071eCAdd69d933AdcD19cA99fe80664fc08,18
0x68037790A0229e9Ce6EaA8A99ea92964106C4703,18
0x4f3AfEC4E5a3F2A6a1A411DEF7D7dFe50eE057bF,9
0xC285B7E09A4584D027E5BC36571785B515898246,18
0x9a1997C130f4b2997166975D9AFf92797d5134c2,18
0x1c48f86ae57291F7686349F12601910BD8D470bb,18
0x9040e237C3bF18347bb00957Dc22167D0f2b999d,18
0x910Dfc18D6EA3D6a7124A6F8B5458F281060fa4c,18
0x02B5453D92B730F29a86A0D5ef6e930c4Cf8860B,18
0x4954Db6391F4feB5468b6B943D4935353596aEC9,18
0xA967Dd943B336680540011536E7D8c3d33333515,6
0x9fC689CCaDa600B6DF723D9E47D84d76664a1F23,18
0x9BAdd738839434696974f374C1828b071290acdD,6
0xD7e0F80FB28233bdde0006c50568606A8feb964C,6
0xf840099E75199255905284C38708d594546560a4,18
0x496266ff0876262b0177Cef026A117AbC24B2532,4
0x739D2fCCf04889965B6f4eB7830f5b7270Fab2c1,9
0x2657455b925aCC98363073461572f3a1981A2Db1,18
0xaA2636dd8535ef02926D818670c44A07d707014E,2
0x155Ab266B9226525Cfd5b1e7D8a80BAb65b6B609,18
0x0E7f79E89BA8C4a13431129fB2db0d4f444B5B9A,16
0xed03Ed872159e199065401b6d0D487d78d9464AA,6
